{
    "name":"Hoverboard",
    "uvs": [],
    "materials": [{
        "colorDiffuse": [0.768151,0.768151,0.768151],
        "depthTest": true,
        "doubleSided": true,
        "visible": true,
        "transparent": false,
        "shading": "lambert",
        "DbgIndex": 0,
        "wireframe": false,
        "DbgColor": 15658734,
        "depthWrite": true,
        "blending": "NormalBlending",
        "DbgName": "Material",
        "opacity": 1,
        "colorAmbient": [0.768151,0.768151,0.768151],
        "colorEmissive": [0,0,0]
    }],
    "metadata":{
        "uvs": 0,
        "normals": 0,
        "faces":64,
        "generator":"io_three",
        "materials":0,
        "vertices":66,
        "type":"Geometry",
        "version":3
    },
    "normals": [],
    "vertices":[0.240144,0.006243,-0.864138,0.722717,0.006243,-0.864138,0.446061,0.006243,-2.86414,0.5168,0.006243,-2.86414,0.107635,0.006243,-1.11837,0.855226,0.006243,-1.11837,0.814303,0.006243,-2.48278,0.148558,0.006243,-2.48278,0.042377,0.006243,-2.03787,0.920484,0.006243,-2.03787,0.04393,0.006243,-1.55258,0.918931,0.006243,-1.55258,0.721678,0.006243,-2.66839,0.241183,0.006243,-2.66839,0.062987,0.006243,-1.32696,0.899874,0.006243,-1.32696,0.630215,0.006243,-2.78676,0.332645,0.006243,-2.78676,0.88695,0.006243,-2.27845,0.07591,0.006243,-2.27845,0.925599,0.006243,-1.78671,0.037262,0.006243,-1.78671,0.107635,0.090228,-1.11837,0.240144,0.090228,-0.864138,0.722717,0.090228,-0.864138,0.630215,0.090228,-2.78676,0.5168,0.090228,-2.86414,0.446061,0.090228,-2.86414,0.062987,0.090228,-1.32696,0.855226,0.090228,-1.11837,0.88695,0.090228,-2.27845,0.814303,0.090228,-2.48278,0.241183,0.090228,-2.66839,0.148558,0.090228,-2.48278,0.07591,0.090228,-2.27845,0.042377,0.090228,-2.03787,0.925599,0.090228,-1.78671,0.920484,0.090228,-2.03787,0.037262,0.090228,-1.78671,0.04393,0.090228,-1.55258,0.899874,0.090228,-1.32696,0.918931,0.090228,-1.55258,0.721678,0.090228,-2.66839,0.332645,0.090228,-2.78676,0.107635,0.090228,-1.11837,0.240144,0.090228,-0.864138,0.722717,0.090228,-0.864138,0.630215,0.090228,-2.78676,0.5168,0.090228,-2.86414,0.446061,0.090228,-2.86414,0.062987,0.090228,-1.32696,0.855226,0.090228,-1.11837,0.88695,0.090228,-2.27845,0.814303,0.090228,-2.48278,0.241183,0.090228,-2.66839,0.148558,0.090228,-2.48278,0.07591,0.090228,-2.27845,0.042377,0.090228,-2.03787,0.925599,0.090228,-1.78671,0.920484,0.090228,-2.03787,0.037262,0.090228,-1.78671,0.04393,0.090228,-1.55258,0.899874,0.090228,-1.32696,0.918931,0.090228,-1.55258,0.721678,0.090228,-2.66839,0.332645,0.090228,-2.78676],
    "faces":[3,17,2,3,16,0,3,0,4,5,1,0,3,19,7,6,18,0,3,21,8,9,20,0,3,14,10,11,15,0,3,7,13,12,6,0,3,4,14,15,5,0,3,13,17,16,12,0,3,8,19,18,9,0,3,10,21,20,11,0,3,31,42,64,53,0,3,23,24,46,45,0,3,27,43,65,49,0,3,32,33,55,54,0,3,22,23,45,44,0,3,42,25,47,64,0,3,30,31,53,52,0,3,35,38,60,57,0,3,40,41,63,62,0,3,41,36,58,63,0,3,12,16,25,42,0,3,4,0,23,22,0,3,13,7,33,32,0,3,2,17,43,27,0,3,0,1,24,23,0,3,6,12,42,31,0,3,16,3,26,25,0,3,17,13,32,43,0,3,19,8,35,34,0,3,9,18,30,37,0,3,3,2,27,26,0,3,20,9,37,36,0,3,7,19,34,33,0,3,14,4,22,28,0,3,10,14,28,39,0,3,1,5,29,24,0,3,5,15,40,29,0,3,21,10,39,38,0,3,11,20,36,41,0,3,15,11,41,40,0,3,8,21,38,35,0,3,18,6,31,30,0,3,65,47,48,49,0,3,45,46,51,44,0,3,56,52,53,55,0,3,60,58,59,57,0,3,50,62,63,61,0,3,55,53,64,54,0,3,44,51,62,50,0,3,54,64,47,65,0,3,57,59,52,56,0,3,61,63,58,60,0,3,25,26,48,47,0,3,43,32,54,65,0,3,34,35,57,56,0,3,37,30,52,59,0,3,26,27,49,48,0,3,36,37,59,58,0,3,33,34,56,55,0,3,28,22,44,50,0,3,39,28,50,61,0,3,24,29,51,46,0,3,29,40,62,51,0,3,38,39,61,60,0]
}
